Title,Date,Time,Venue,Category,Link,Payment for Entry,Source,_EndDate
Kino Bajka: Kicia Kocia ma braciszka,2025-11-07,09:30,Kino Bajka,Film,https://zoom.lublin.pl/wydarzenie/kino-bajka-kicia-kocia-ma-braciszka/,,zoom.lublin.pl,2025-11-07
Słowik i Babka Natura,2025-11-07,"09:30, 11:30",Teatr im. H.Ch. Andersena,Teatr,https://zoom.lublin.pl/wydarzenie/slowik-i-babka-natura/,,zoom.lublin.pl,2025-11-07
Targi Studenckich Możliwości. Kształtuj Kulturę Swoją Markę,2025-11-07,10:00,Akademickie Centrum Kultury i Mediów „Chatka Żaka”,Spotkanie,https://zoom.lublin.pl/wydarzenie/targi-studenckich-mozliwosci-ksztaltuj-kulture-swoja-marke/,,zoom.lublin.pl,2025-11-07
Poskromienie złośnicy,2025-11-07,"11:00, 15:30, 18:00",Teatr im. Juliusza Osterwy,Teatr,https://zoom.lublin.pl/wydarzenie/poskromienie-zlosnicy/,,zoom.lublin.pl,2025-11-07
Kino Bajka: Droga do Vermiglio,2025-11-07,11:45,Kino Bajka,Film,https://zoom.lublin.pl/wydarzenie/kino-bajka-droga-do-vermiglio/,,zoom.lublin.pl,2025-11-07
Zwiedzanie: Atelier Fotograficzne sprzed 100 lat,2025-11-07,12:00,,,"https://lublin.eu/kultura/wydarzenia/zwiedzanie-atelier-fotograficzne-sprzed-100-lat,86406,0,w.html",,lublin.eu,2025-11-07
Kino Bajka: Bugonia,2025-11-07,"13:15, 17:45",Kino Bajka,Film,https://zoom.lublin.pl/wydarzenie/kino-bajka-bugonia/,,zoom.lublin.pl,2025-11-07
Kino Bajka: Wielkie ostrzeżenie,2025-11-07,14:00,Kino Bajka,Film,https://zoom.lublin.pl/wydarzenie/kino-bajka-wielkie-ostrzezenie/,,zoom.lublin.pl,2025-11-07
Kino Bajka: Dom dobry,2025-11-07,"15:30, 18:00",Kino Bajka,Film,https://zoom.lublin.pl/wydarzenie/kino-bajka-dom-dobry/,,zoom.lublin.pl,2025-11-07
Kino Bajka: Uwierz w Mikołaja 2,2025-11-07,"16:00, 20:15",Kino Bajka,Film,https://zoom.lublin.pl/wydarzenie/kino-bajka-uwierz-w-mikolaja-2/,,zoom.lublin.pl,2025-11-07
Natalia Makei,2025-11-07,16:00,Miejska Biblioteka Publiczna Filia nr 9,Muzyka,https://zoom.lublin.pl/wydarzenie/natalia-makei/,,zoom.lublin.pl,2025-11-07
Ostrzenie i konserwacja narzędzi stolarskich oraz kuchennych,2025-11-07,16:00,Baobab,Warsztaty,https://zoom.lublin.pl/wydarzenie/ostrzenie-i-konserwacja-narzedzi-stolarskich-oraz-kuchennych/,,zoom.lublin.pl,2025-11-07
Wernisaż: Monika Pilewska — Strony mojego życia,2025-11-07,"16:00, 17:30, 19:00, 20:15",Miejska Biblioteka Publiczna Filia nr 6 - Bioteka,Wystawa,https://zoom.lublin.pl/wydarzenie/wernisaz-monika-pilewska-strony-mojego-zycia/,,zoom.lublin.pl,2025-11-07
Wykład Agnieszki Bartków i prof. Lechosława Lameńskiego,2025-11-07,16:30,,,"https://lublin.eu/kultura/wydarzenia/wyklad-agnieszki-bartkow-i-prof-lechoslawa-lamenskiego,86268,0,w.html",,lublin.eu,2025-11-07
Obrzędowość pogrzebowa na Lubelszczyźnie,2025-11-07,17:00,Muzeum Narodowe w Lublinie,Spotkanie,https://zoom.lublin.pl/wydarzenie/obrzedowosc-pogrzebowa-na-lubelszczyznie/,,zoom.lublin.pl,2025-11-07
Damski biznes,2025-11-07,17:30,Centrum Kongresowe Uniwersytetu Przyrodniczego,Teatr,https://zoom.lublin.pl/wydarzenie/damski-biznes/,,zoom.lublin.pl,2025-11-07
Kino CK: Miłość,2025-11-07,18:00,Centrum Kultury w Lublinie,Film,https://zoom.lublin.pl/wydarzenie/kino-ck-milosc/,,zoom.lublin.pl,2025-11-07
Miejsce do poczytania: Panel dyskusyjny,2025-11-07,18:00,Dzielnicowy Dom Kultury „Czuby Południowe”,Spotkanie,https://zoom.lublin.pl/wydarzenie/miejsce-do-poczytania-panel-dyskusyjny-3/,,zoom.lublin.pl,2025-11-07
Ring of Fire — pieśń trwa,2025-11-07,18:00,Miejska Biblioteka Publiczna Filia nr 2,Na żywo,https://zoom.lublin.pl/wydarzenie/ring-of-fire-piesn-trwa/,,zoom.lublin.pl,2025-11-07
Wernisaż: Agnieszka Hinc — O traktowaniu F,2025-11-07,18:00,Galeria Pomost,Wystawa,https://zoom.lublin.pl/wydarzenie/wernisaz-agnieszka-hinc-o-traktowaniu-f/,,zoom.lublin.pl,2025-11-07
Wernisaż: Marcin Redkowiak — Odsypianie,2025-11-07,18:00,Galeria Krańcowa,Wystawa,https://zoom.lublin.pl/wydarzenie/wernisaz-marcin-redkowiak-odsypianie/,,zoom.lublin.pl,2025-11-07
Wernisaż: Stanisław Szukalski — Zamarły lot,2025-11-07,18:00,Galeria „Gardzienice”,Wystawa,https://zoom.lublin.pl/wydarzenie/wernisaz-stanislaw-szukalski-zamarly-lot/,,zoom.lublin.pl,2025-11-07
8 lat w Tybecie,2025-11-07,19:00,Klub Graffiti,Muzyka,https://zoom.lublin.pl/wydarzenie/8-lat-w-tybecie/,,zoom.lublin.pl,2025-11-07
Klieser / Kozlovsky — koncert symfoniczny,2025-11-07,19:00,Filharmonia Lubelska,Muzyka,https://zoom.lublin.pl/wydarzenie/klieser-kozlovsky-koncert-symfoniczny/,,zoom.lublin.pl,2025-11-07
Punk’n’Roll Tour 2025,2025-11-07,19:00,Fabryka Kultury Zgrzyt,Muzyka,https://zoom.lublin.pl/wydarzenie/punknroll-tour-2025/,,zoom.lublin.pl,2025-11-07
Wernisaż: Oko w oko z plakatami Wojciecha Korkucia,2025-11-07,19:00,Centrum Spotkania Kultur,Spotkanie,https://zoom.lublin.pl/wydarzenie/wernisaz-oko-w-oko-z-plakatami-wojciecha-korkucia/,,zoom.lublin.pl,2025-11-07
Warsztaty: Poznaj tango,2025-11-07,19:30,,,"https://lublin.eu/kultura/wydarzenia/warsztaty-poznaj-tango,85528,0,w.html",,lublin.eu,2025-11-07
Kino Bajka: Być kochaną,2025-11-07,20:00,Kino Bajka,Film,https://zoom.lublin.pl/wydarzenie/kino-bajka-byc-kochana/,,zoom.lublin.pl,2025-11-07
Słowa na piasku,2025-11-07,20:00,Teatr Stary,Teatr,https://zoom.lublin.pl/wydarzenie/david-desola-slowa-na-piasku/,,zoom.lublin.pl,2025-11-07
"Kino CK: Szkoda, że nareszcie",2025-11-07,20:15,Centrum Kultury w Lublinie,Film,https://zoom.lublin.pl/wydarzenie/kino-ck-szkoda-ze-nareszcie/,,zoom.lublin.pl,2025-11-07
Spektakl: Exist & Exit,2025-11-07,20:30,,,"https://lublin.eu/kultura/wydarzenia/spektakl-exist-exit,86127,0,w.html",,lublin.eu,2025-11-07
Kino Bajka: Anioł stróż,2025-11-08,09:00,,,"https://lublin.eu/kultura/wydarzenia/kino-bajka-aniol-stroz,86422,0,w.html",,lublin.eu,2025-11-08
Teatr Stary w Lublinie — 200 lat historii,2025-11-08,"10:00, 11:30, 13:00",Teatr Stary,Spotkanie,https://zoom.lublin.pl/wydarzenie/teatr-stary-w-lublinie-200-lat-historii/,,zoom.lublin.pl,2025-11-08
Kino Bajka: Kicia Kocia ma braciszka,2025-11-08,10:30,Kino Bajka,Film,https://zoom.lublin.pl/wydarzenie/kino-bajka-kicia-kocia-ma-braciszka/,,zoom.lublin.pl,2025-11-08
Kino Bajka: Triumf serca,2025-11-08,11:00,Kino Bajka,Film,https://zoom.lublin.pl/wydarzenie/kino-bajka-triumf-serca/,,zoom.lublin.pl,2025-11-08
Teatr z papieru,2025-11-08,11:00,Dzielnicowy Dom Kultury „Węglin”,Warsztaty,https://zoom.lublin.pl/wydarzenie/teatr-z-papieru/,,zoom.lublin.pl,2025-11-08
Kino Bajka: Il Volo. Koncert z Doliny Świątyń,2025-11-08,11:30,Kino Bajka,Film,https://zoom.lublin.pl/wydarzenie/kino-bajka-il-volo-koncert-z-doliny-swiatyn/,,zoom.lublin.pl,2025-11-08
Legendy i ciekawostki Koziego Grodu,2025-11-08,13:00,Centrum Inspiracji Turystycznej,Inne,https://zoom.lublin.pl/wydarzenie/legendy-i-ciekawostki-koziego-grodu/,,zoom.lublin.pl,2025-11-08
Kino Bajka: Bugonia,2025-11-08,"13:15, 19:45",Kino Bajka,Film,https://zoom.lublin.pl/wydarzenie/kino-bajka-bugonia/,,zoom.lublin.pl,2025-11-08
Kino Bajka: Wielkie ostrzeżenie,2025-11-08,14:00,Kino Bajka,Film,https://zoom.lublin.pl/wydarzenie/kino-bajka-wielkie-ostrzezenie/,,zoom.lublin.pl,2025-11-08
Lublin — the Renaissance town on the hills,2025-11-08,14:00,Centrum Inspiracji Turystycznej,Inne,https://zoom.lublin.pl/wydarzenie/lublinthe-renaissance-town/,,zoom.lublin.pl,2025-11-08
Warsztaty teatralne w PJM,2025-11-08,14:00,Fundacja Ośmiornice Kreatywności,Warsztaty,https://zoom.lublin.pl/wydarzenie/warsztaty-teatralne-w-pjm/,,zoom.lublin.pl,2025-11-08
Lubelski Dom Tańca — Orkiestra Galicja,2025-11-08,15:00,"Ośrodek Międzykulturowych Inicjatyw Twórczych ""Rozdroża""",Taniec,https://zoom.lublin.pl/wydarzenie/lubelski-dom-tanca-orkiestra-galicja/,,zoom.lublin.pl,2025-11-08
Spotkania Typograficzne TypoLub,2025-11-08,15:00,Dom Słów,Festiwal,https://zoom.lublin.pl/wydarzenie/spotkania-typograficzne-typolub/,,zoom.lublin.pl,2025-11-08
Kino Bajka: Dom dobry,2025-11-08,"15:30, 18:00",Kino Bajka,Film,https://zoom.lublin.pl/wydarzenie/kino-bajka-dom-dobry/,,zoom.lublin.pl,2025-11-08
Fly Me to the Moon,2025-11-08,16:00,Teatr im. Juliusza Osterwy,Teatr,https://zoom.lublin.pl/wydarzenie/fly-me-to-the-moon/,,zoom.lublin.pl,2025-11-08
Kino Bajka: Uwierz w Mikołaja 2,2025-11-08,"16:00, 20:15",Kino Bajka,Film,https://zoom.lublin.pl/wydarzenie/kino-bajka-uwierz-w-mikolaja-2/,,zoom.lublin.pl,2025-11-08
Szymon Majewski — Kto Panu to zrobił?,2025-11-08,"16:00, 19:00, 20:15",Radio Lublin,Na żywo,https://zoom.lublin.pl/wydarzenie/szymon-majewski-kto-panu-to-zrobil/,,zoom.lublin.pl,2025-11-08
"Kino CK: Szkoda, że nareszcie",2025-11-08,17:00,Centrum Kultury w Lublinie,Film,https://zoom.lublin.pl/wydarzenie/kino-ck-szkoda-ze-nareszcie/,,zoom.lublin.pl,2025-11-08
Słowik i Babka Natura,2025-11-08,17:00,Teatr im. H.Ch. Andersena,Teatr,https://zoom.lublin.pl/wydarzenie/slowik-i-babka-natura/,,zoom.lublin.pl,2025-11-08
Kino Bajka: Być kochaną,2025-11-08,17:45,Kino Bajka,Film,https://zoom.lublin.pl/wydarzenie/kino-bajka-byc-kochana/,,zoom.lublin.pl,2025-11-08
Narodowy Koncert Listopadowy,2025-11-08,18:00,Urząd Miasta,Muzyka,https://zoom.lublin.pl/wydarzenie/narodowy-koncert-listopadowy/,,zoom.lublin.pl,2025-11-08
Phantom,2025-11-08,18:00,Opera Lubelska,Teatr,https://zoom.lublin.pl/wydarzenie/phantom/,,zoom.lublin.pl,2025-11-08
Poskromienie złośnicy,2025-11-08,18:00,Teatr im. Juliusza Osterwy,Teatr,https://zoom.lublin.pl/wydarzenie/poskromienie-zlosnicy/,,zoom.lublin.pl,2025-11-08
Koncert organowy: Adam Sokulski,2025-11-08,19:00,Bazylika oo. Dominikanów,Muzyka,https://zoom.lublin.pl/wydarzenie/koncert-organowy-adam-sokulski/,,zoom.lublin.pl,2025-11-08
The Metropolitan Opera: LIVE in HD 2025/2026. Giacomo Puccini — Cyganeria,2025-11-08,19:00,Teatr Stary,Teatr,https://zoom.lublin.pl/wydarzenie/the-metropolitan-opera-live-in-hd-2025-2026-giacomo-puccini-cyganeria/,,zoom.lublin.pl,2025-11-08
Wernisaż: Robert Zając: Tytuł oryginału. Liternicze frontyspisy Wschodniego Expressu,2025-11-08,19:00,Dom Słów,Spotkanie,https://zoom.lublin.pl/wydarzenie/wernisaz-robert-zajac-tytul-oryginalu-liternicze-frontyspisy-wschodniego-expressu/,,zoom.lublin.pl,2025-11-08
Wernisaż: 9/9/90,2025-11-08,19:40,Dom Słów,Wystawa,https://zoom.lublin.pl/wydarzenie/wernisaz-9-9-90/,,zoom.lublin.pl,2025-11-08
Kino CK: Miłość,2025-11-08,19:45,Centrum Kultury w Lublinie,Film,https://zoom.lublin.pl/wydarzenie/kino-ck-milosc/,,zoom.lublin.pl,2025-11-08
Spektakl: A dance for washing mashine and a mother,2025-11-08,20:00,,,"https://lublin.eu/kultura/wydarzenia/spektakl-a-dance-for-washing-mashine-and-a-mother,86130,0,w.html",,lublin.eu,2025-11-08
Spektakl: Akanana Sweet Banana,2025-11-08,21:00,,,"https://lublin.eu/kultura/wydarzenia/spektakl-akanana-sweet-banana,86131,0,w.html",,lublin.eu,2025-11-08
Teatr Stary w Lublinie — 200 lat historii,2025-11-09,10:00,Teatr Stary,Spotkanie,https://zoom.lublin.pl/wydarzenie/teatr-stary-w-lublinie-200-lat-historii/,,zoom.lublin.pl,2025-11-09
Warsztaty teatralne w PJM,2025-11-09,"10:00, 11:30, 13:00",Fundacja Ośmiornice Kreatywności,Warsztaty,https://zoom.lublin.pl/wydarzenie/warsztaty-teatralne-w-pjm/,,zoom.lublin.pl,2025-11-09
Bajkoczytanie na drugie śniadanie,2025-11-09,11:00,,,"https://lublin.eu/kultura/wydarzenia/bajkoczytanie-na-drugie-sniadanie,86254,0,w.html",,lublin.eu,2025-11-09
Jesienny Bazarek Dzieci,2025-11-09,12:00,Centrum Kultury w Lublinie,Inne,https://zoom.lublin.pl/wydarzenie/jesienny-bazarek-dzieci/,,zoom.lublin.pl,2025-11-09
Słowik i Babka Natura,2025-11-09,12:00,Teatr im. H.Ch. Andersena,Teatr,https://zoom.lublin.pl/wydarzenie/slowik-i-babka-natura/,,zoom.lublin.pl,2025-11-09
Kino Bajka: Kicia Kocia ma braciszka,2025-11-09,12:45,Kino Bajka,Film,https://zoom.lublin.pl/wydarzenie/kino-bajka-kicia-kocia-ma-braciszka/,,zoom.lublin.pl,2025-11-09
Lublin dla wszystkich — historia i legendy,2025-11-09,13:00,Centrum Inspiracji Turystycznej,Inne,https://zoom.lublin.pl/wydarzenie/lublin-dla-wszystkich-historia-i-legendy/,,zoom.lublin.pl,2025-11-09
Kino Bajka: Bugonia,2025-11-09,"13:15, 19:45",Kino Bajka,Film,https://zoom.lublin.pl/wydarzenie/kino-bajka-bugonia/,,zoom.lublin.pl,2025-11-09
Kino Bajka: Wielkie ostrzeżenie,2025-11-09,14:00,Kino Bajka,Film,https://zoom.lublin.pl/wydarzenie/kino-bajka-wielkie-ostrzezenie/,,zoom.lublin.pl,2025-11-09
Kino Sztuczka: Ben nie ma lekko,2025-11-09,15:00,Centrum Kultury w Lublinie,Film,https://zoom.lublin.pl/wydarzenie/kino-sztuczka-ben-nie-ma-lekko/,,zoom.lublin.pl,2025-11-09
Kino Bajka: Dom dobry,2025-11-09,"15:30, 18:00",Kino Bajka,Film,https://zoom.lublin.pl/wydarzenie/kino-bajka-dom-dobry/,,zoom.lublin.pl,2025-11-09
Spotkania Typograficzne TypoLub,2025-11-09,"15:30, 18:00",Dom Słów,Festiwal,https://zoom.lublin.pl/wydarzenie/spotkania-typograficzne-typolub/,,zoom.lublin.pl,2025-11-09
Fly Me to the Moon,2025-11-09,16:00,Teatr im. Juliusza Osterwy,Teatr,https://zoom.lublin.pl/wydarzenie/fly-me-to-the-moon/,,zoom.lublin.pl,2025-11-09
Kino Bajka: Uwierz w Mikołaja 2,2025-11-09,"16:00, 20:15",Kino Bajka,Film,https://zoom.lublin.pl/wydarzenie/kino-bajka-uwierz-w-mikolaja-2/,,zoom.lublin.pl,2025-11-09
Phantom,2025-11-09,17:00,Opera Lubelska,Teatr,https://zoom.lublin.pl/wydarzenie/phantom/,,zoom.lublin.pl,2025-11-09
Spektakl: Młoda generacja,2025-11-09,17:30,,,"https://lublin.eu/kultura/wydarzenia/spektakl-mloda-generacja,86132,0,w.html",,lublin.eu,2025-11-09
Kino Bajka: Być kochaną,2025-11-09,17:45,Kino Bajka,Film,https://zoom.lublin.pl/wydarzenie/kino-bajka-byc-kochana/,,zoom.lublin.pl,2025-11-09
Kino CK: Ostatni wiking,2025-11-09,18:00,Centrum Kultury w Lublinie,Film,https://zoom.lublin.pl/wydarzenie/kino-ck-ostatni-wiking/,,zoom.lublin.pl,2025-11-09
Mateusz Ziółko,2025-11-09,18:00,Centrum Spotkania Kultur,Muzyka,https://zoom.lublin.pl/wydarzenie/mateusz-ziolko/,,zoom.lublin.pl,2025-11-09
Nocny Kochanek,2025-11-09,18:00,Fabryka Kultury Zgrzyt,Muzyka,https://zoom.lublin.pl/wydarzenie/nocny-kochanek-2/,,zoom.lublin.pl,2025-11-09
Poskromienie złośnicy,2025-11-09,18:00,Teatr im. Juliusza Osterwy,Teatr,https://zoom.lublin.pl/wydarzenie/poskromienie-zlosnicy/,,zoom.lublin.pl,2025-11-09
Cukry,2025-11-09,19:00,Dzielnicowy Dom Kultury „Węglin”,Teatr,https://zoom.lublin.pl/wydarzenie/cukry/,,zoom.lublin.pl,2025-11-09
Mietek Szcześniak,2025-11-09,19:00,Centrum Spotkania Kultur,Muzyka,https://zoom.lublin.pl/wydarzenie/mietek-szczesniak/,,zoom.lublin.pl,2025-11-09
MOM TO MUSIC vol. 15: ZUOL / Piołun / Cieślak / Duo Strinning / Chmiel,2025-11-09,19:00,Muzeum Osiedli Mieszkaniowych,Muzyka,https://zoom.lublin.pl/wydarzenie/mom-to-music-vol-15-zuol-piolun-cieslak-duo-strinning-chmiel/,,zoom.lublin.pl,2025-11-09
Stand-up: Olaf,2025-11-09,19:00,Klub Graffiti,Na żywo,https://zoom.lublin.pl/wydarzenie/stand-up-olaf/,,zoom.lublin.pl,2025-11-09
Spektakl: Through Warm Temperatures,2025-11-09,19:30,,,"https://lublin.eu/kultura/wydarzenia/spektakl-through-warm-temperatures,86133,0,w.html",,lublin.eu,2025-11-09
Kino CK: Miłość,2025-11-09,20:30,Centrum Kultury w Lublinie,Film,https://zoom.lublin.pl/wydarzenie/kino-ck-milosc/,,zoom.lublin.pl,2025-11-09
Spektakl: Until the Tongue Speaks,2025-11-09,21:00,,,"https://lublin.eu/kultura/wydarzenia/spektakl-until-the-tongue-speaks,86134,0,w.html",,lublin.eu,2025-11-09
Kino Bajka: Kicia Kocia ma braciszka,2025-11-10,"12:00, 12:45",Kino Bajka,Film,https://zoom.lublin.pl/wydarzenie/kino-bajka-kicia-kocia-ma-braciszka/,,zoom.lublin.pl,2025-11-10
Drzewa — niemi świadkowie historii Lublina,2025-11-10,13:00,Centrum Inspiracji Turystycznej,Inne,https://zoom.lublin.pl/wydarzenie/drzewa-niemi-swiadkowie-historii-lublina/,,zoom.lublin.pl,2025-11-10
Kino Bajka: Bugonia,2025-11-10,"13:15, 19:45",Kino Bajka,Film,https://zoom.lublin.pl/wydarzenie/kino-bajka-bugonia/,,zoom.lublin.pl,2025-11-10
Kino Bajka: Wielkie ostrzeżenie,2025-11-10,14:00,Kino Bajka,Film,https://zoom.lublin.pl/wydarzenie/kino-bajka-wielkie-ostrzezenie/,,zoom.lublin.pl,2025-11-10
Kino Bajka: Dom dobry,2025-11-10,"15:30, 18:00",Kino Bajka,Film,https://zoom.lublin.pl/wydarzenie/kino-bajka-dom-dobry/,,zoom.lublin.pl,2025-11-10
Kino Bajka: Uwierz w Mikołaja 2,2025-11-10,"16:00, 20:15",Kino Bajka,Film,https://zoom.lublin.pl/wydarzenie/kino-bajka-uwierz-w-mikolaja-2/,,zoom.lublin.pl,2025-11-10
Warsztaty teatralno - muzyczne dla dzieci,2025-11-10,17:00,,,"https://lublin.eu/kultura/wydarzenia/warsztaty-teatralno-muzyczne-dla-dzieci,86351,0,w.html",,lublin.eu,2025-11-10
Kino Bajka: Być kochaną,2025-11-10,17:45,Kino Bajka,Film,https://zoom.lublin.pl/wydarzenie/kino-bajka-byc-kochana/,,zoom.lublin.pl,2025-11-10
Spektakl: Taranto Aleatorio,2025-11-10,20:00,,,"https://lublin.eu/kultura/wydarzenia/spektakl-taranto-aleatorio,86136,0,w.html",,lublin.eu,2025-11-10
Spektakl: Dance Makes the Floor,2025-11-10,21:00,,,"https://lublin.eu/kultura/wydarzenia/spektakl-dance-makes-the-floor,86137,0,w.html",,lublin.eu,2025-11-10
Kino Bajka: Kicia Kocia ma braciszka,2025-11-11,12:00,Kino Bajka,Film,https://zoom.lublin.pl/wydarzenie/kino-bajka-kicia-kocia-ma-braciszka/,,zoom.lublin.pl,2025-11-11
Kino Bajka: Uwierz w Mikołaja 2,2025-11-11,"12:00, 12:45, 16:00, 20:15",Kino Bajka,Film,https://zoom.lublin.pl/wydarzenie/kino-bajka-uwierz-w-mikolaja-2/,,zoom.lublin.pl,2025-11-11
"Chodź, opowiem Ci Lublin",2025-11-11,13:00,Centrum Inspiracji Turystycznej,Inne,https://zoom.lublin.pl/wydarzenie/chodz-opowiem-ci-lublin/,,zoom.lublin.pl,2025-11-11
Kino Bajka: Bugonia,2025-11-11,"13:15, 19:45",Kino Bajka,Film,https://zoom.lublin.pl/wydarzenie/kino-bajka-bugonia/,,zoom.lublin.pl,2025-11-11
Kino Bajka: Wielkie ostrzeżenie,2025-11-11,14:00,Kino Bajka,Film,https://zoom.lublin.pl/wydarzenie/kino-bajka-wielkie-ostrzezenie/,,zoom.lublin.pl,2025-11-11
Kino Bajka: Dom dobry,2025-11-11,"15:30, 18:00",Kino Bajka,Film,https://zoom.lublin.pl/wydarzenie/kino-bajka-dom-dobry/,,zoom.lublin.pl,2025-11-11
A to jest moja Ojczyzna,2025-11-11,16:00,Zespół Pieśni i Tańca „Lublin”,Na żywo,https://zoom.lublin.pl/wydarzenie/a-to-jest-moja-ojczyzna/,,zoom.lublin.pl,2025-11-11
Kino Bajka: Ministranci,2025-11-11,16:00,Kino Bajka,Film,https://zoom.lublin.pl/wydarzenie/kino-bajka-ministranci/,,zoom.lublin.pl,2025-11-11
Stół niepodległości wokół języka i literatury polskiej,2025-11-11,17:00,Baobab,Spotkanie,https://zoom.lublin.pl/wydarzenie/stol-niepodleglosci-wokol-jezyka-i-literatury-polskiej/,,zoom.lublin.pl,2025-11-11
Polska na TAK!,2025-11-11,17:30,Plac Zamkowy,Muzyka,https://zoom.lublin.pl/wydarzenie/polska-na-tak/,,zoom.lublin.pl,2025-11-11
Kino Bajka: Być kochaną,2025-11-11,17:45,Kino Bajka,Film,https://zoom.lublin.pl/wydarzenie/kino-bajka-byc-kochana/,,zoom.lublin.pl,2025-11-11
Spektakl: After All,2025-11-11,20:00,,,"https://lublin.eu/kultura/wydarzenia/spektakl-after-all,86140,0,w.html",,lublin.eu,2025-11-11
Kino Bajka: Super pies i Kot łotr,2025-11-12,08:45,Kino Bajka,Film,https://zoom.lublin.pl/wydarzenie/kino-bajka-super-pies-i-kot-lotr/,,zoom.lublin.pl,2025-11-12
Królewna Śnieżka,2025-11-12,"09:00, 12:00",Opera Lubelska,Teatr,https://zoom.lublin.pl/wydarzenie/krolewna-sniezka/,,zoom.lublin.pl,2025-11-12
Kino Bajka: Kicia Kocia ma braciszka,2025-11-12,09:30,Kino Bajka,Film,https://zoom.lublin.pl/wydarzenie/kino-bajka-kicia-kocia-ma-braciszka/,,zoom.lublin.pl,2025-11-12
Klub Filmowy Seniora: Być kochaną,2025-11-12,"13:00, 20:00",Kino Bajka,Film,https://zoom.lublin.pl/wydarzenie/klub-filmowy-seniora-byc-kochana/,,zoom.lublin.pl,2025-11-12
Kino Bajka: Bugonia,2025-11-12,"13:15, 17:45",Kino Bajka,Film,https://zoom.lublin.pl/wydarzenie/kino-bajka-bugonia/,,zoom.lublin.pl,2025-11-12
"Kino Bajka: Chopin, Chopin!",2025-11-12,15:00,Kino Bajka,Film,https://zoom.lublin.pl/wydarzenie/kino-bajka-chopin-chopin/,,zoom.lublin.pl,2025-11-12
Kino Bajka: Dom dobry,2025-11-12,"15:30, 17:30",Kino Bajka,Film,https://zoom.lublin.pl/wydarzenie/kino-bajka-dom-dobry/,,zoom.lublin.pl,2025-11-12
Zrób z nami fajne mozaiki!,2025-11-12,16:00,Po Prostu Fajne Miejsce,Warsztaty,https://zoom.lublin.pl/wydarzenie/zrob-z-nami-fajne-mozaiki/,,zoom.lublin.pl,2025-11-12
"„Wierni, wytrwali, solidarni. NSZZ Solidarność Region Środkowo-Wschodni w latach 1989-2025” — promocja albumu",2025-11-12,17:00,Wojewódzka Biblioteka Publiczna,Spotkanie,https://zoom.lublin.pl/wydarzenie/wierni-wytrwali-solidarni-nszz-solidarnosc-region-srodkowo-wschodni-w-latach-1989-2025-promocja-albumu/,,zoom.lublin.pl,2025-11-12
Niejasna natura obrazu jako dokumentu. Malarstwo Zinowija Tołkaczewa,2025-11-12,17:30,Miejska Biblioteka Publiczna Filia nr 2,Spotkanie,https://zoom.lublin.pl/wydarzenie/niejasna-natura-obrazu-jako-dokumentu-malarstwo-zinowija-tolkaczewa/,,zoom.lublin.pl,2025-11-12
Arkadiusz Jakubik — Romeo i Julia żyją,2025-11-12,19:00,Teatr Stary,Na żywo,https://zoom.lublin.pl/wydarzenie/arkadiusz-jakubik-romeo-i-julia-zyja/,,zoom.lublin.pl,2025-11-12
Miasto Movie: Zhakować hejt,2025-11-12,19:00,Warsztaty Kultury,Film,https://zoom.lublin.pl/wydarzenie/miasto-movie-zhakowac-hejt/,,zoom.lublin.pl,2025-11-12
Kino Bajka: Uwierz w Mikołaja 2,2025-11-12,19:45,Kino Bajka,Film,https://zoom.lublin.pl/wydarzenie/kino-bajka-uwierz-w-mikolaja-2/,,zoom.lublin.pl,2025-11-12
Kino Bajka: Być kochaną,2025-11-12,20:00,Kino Bajka,Film,https://zoom.lublin.pl/wydarzenie/kino-bajka-byc-kochana/,,zoom.lublin.pl,2025-11-12
Kino Bajka: Super pies i Kot łotr,2025-11-13,08:45,Kino Bajka,Film,https://zoom.lublin.pl/wydarzenie/kino-bajka-super-pies-i-kot-lotr/,,zoom.lublin.pl,2025-11-13
Kino Bajka: Kicia Kocia ma braciszka,2025-11-13,09:30,Kino Bajka,Film,https://zoom.lublin.pl/wydarzenie/kino-bajka-kicia-kocia-ma-braciszka/,,zoom.lublin.pl,2025-11-13
Kino Bajka: Uwierz w Mikołaja 2,2025-11-13,"11:00, 16:00, 20:15",Kino Bajka,Film,https://zoom.lublin.pl/wydarzenie/kino-bajka-uwierz-w-mikolaja-2/,,zoom.lublin.pl,2025-11-13
Lubelskie — tu historia spotyka przyszłość,2025-11-13,12:00,Wojewódzka Biblioteka Publiczna,Spotkanie,https://zoom.lublin.pl/wydarzenie/lubelskie-tu-historia-spotyka-przyszlosc/,,zoom.lublin.pl,2025-11-13
Wojtek Fiedorczuk &#038; Michał Kempa,2025-11-13,13:00,Fabryka Kultury Zgrzyt,Na żywo,https://zoom.lublin.pl/wydarzenie/wojtek-fiedorczuk-michal-kempa/,,zoom.lublin.pl,2025-11-13
Kino Bajka: Bugonia,2025-11-13,"13:15, 17:45",Kino Bajka,Film,https://zoom.lublin.pl/wydarzenie/kino-bajka-bugonia/,,zoom.lublin.pl,2025-11-13
Kino Bajka: Wielkie ostrzeżenie,2025-11-13,14:00,Kino Bajka,Film,https://zoom.lublin.pl/wydarzenie/kino-bajka-wielkie-ostrzezenie/,,zoom.lublin.pl,2025-11-13
Kino Bajka: Dom dobry,2025-11-13,"15:30, 18:00",Kino Bajka,Film,https://zoom.lublin.pl/wydarzenie/kino-bajka-dom-dobry/,,zoom.lublin.pl,2025-11-13
Etnoczwartki: Frywolitka,2025-11-13,16:30,Muzeum Narodowe w Lublinie,Warsztaty,https://zoom.lublin.pl/wydarzenie/etnoczwartki-frywolitka/,,zoom.lublin.pl,2025-11-13
Miotełka ozdobna,2025-11-13,16:30,Pracownie Kultury Maki,Warsztaty,https://zoom.lublin.pl/wydarzenie/miotelka-ozdobna/,,zoom.lublin.pl,2025-11-13
Wernisaż: Jubileusz 45-lecia pracy twórczej Elwiry Wasak,2025-11-13,17:00,Wojewódzka Biblioteka Publiczna,Wystawa,https://zoom.lublin.pl/wydarzenie/wernisaz-jubileusz-45-lecia-pracy-tworczej-elwiry-wasak/,,zoom.lublin.pl,2025-11-13
Amadeusz,2025-11-13,18:00,Centrum Spotkania Kultur,Teatr,https://zoom.lublin.pl/wydarzenie/amadeusz/,,zoom.lublin.pl,2025-11-13
Dyskusyjne Koło Filmowe Benshi: Prawdziwy ból,2025-11-13,18:00,Centrum Kultury w Lublinie,Film,https://zoom.lublin.pl/wydarzenie/dyskusyjne-kolo-filmowe-benshi-prawdziwy-bol/,,zoom.lublin.pl,2025-11-13
Wernisaż: Ewa Szczęsna-Sienkiel — Przestrzenie i zbliżenia,2025-11-13,18:00,Galeria OKNA,Wystawa,https://zoom.lublin.pl/wydarzenie/wernisaz-ewa-szczesna-sienkiel-przestrzenie-i-zblizenia/,,zoom.lublin.pl,2025-11-13
Teatr Piasku — Mały Książę,2025-11-13,19:00,Centrum Kongresowe Uniwersytetu Przyrodniczego,Teatr,https://zoom.lublin.pl/wydarzenie/teatr-piasku-maly-ksiaze/,,zoom.lublin.pl,2025-11-13
Czy potrafimy wspólnie milczeć w przestrzeni publicznej?,2025-11-13,20:00,Muzeum Osiedli Mieszkaniowych,Spotkanie,https://zoom.lublin.pl/wydarzenie/czy-potrafimy-wspolnie-milczec-w-przestrzeni-publicznej/,,zoom.lublin.pl,2025-11-13
Kino Bajka: Być kochaną,2025-11-13,20:00,Kino Bajka,Film,https://zoom.lublin.pl/wydarzenie/kino-bajka-byc-kochana/,,zoom.lublin.pl,2025-11-13
MOM TO MUSIC vol. 16: Emiter / Piołun,2025-11-13,20:00,Muzeum Osiedli Mieszkaniowych,Muzyka,https://zoom.lublin.pl/wydarzenie/mom-to-music-vol-16-emiter-piolun/,,zoom.lublin.pl,2025-11-13
Galeria pod schodami: Piękno przyrody w obiektywie lubelskich fotografów,2025-01-22,,Dzielnicowy Dom Kultury SM „Czechów”,Wystawa,https://zoom.lublin.pl/wydarzenie/galeria-pod-schodami-piekno-przyrody-w-obiektywie-lubelskich-fotografow/,,zoom.lublin.pl,2028-02-28
Open Studio,2025-02-14,,Centrum Kultury w Lublinie,Taniec,https://zoom.lublin.pl/wydarzenie/open-studio/,,zoom.lublin.pl,2025-11-30
Wystawa dyplomów specjalności charakteryzacja i wizaż Lubelskiej Szkoły Sztuki i Projektowania,2025-09-18,,Dzielnicowy Dom Kultury SM „Czechów”,Wystawa,https://zoom.lublin.pl/wydarzenie/wystawa-dyplomow-specjalnosci-charakteryzacja-i-wizaz-lubelskiej-szkoly-sztuki-i-projektowania/,,zoom.lublin.pl,2025-11-14
"Aldona Mickiewicz, Tadeusz Boruta — Od i do — rzeczy",2025-09-20,,Galeria Sztuki Wirydarz,Wystawa,https://zoom.lublin.pl/wydarzenie/aldona-mickiewicz-tadeusz-boruta-od-i-do-rzeczy/,,zoom.lublin.pl,2025-11-30
Wystawa: Voices From Ukraine,2025-09-23,,,,"https://lublin.eu/kultura/wydarzenia/wystawa-voices-from-ukraine,85059,0,w.html",,lublin.eu,2025-11-16
Voices From Ukraine,2025-09-24,,Galeria Labirynt,Wystawa,https://zoom.lublin.pl/wydarzenie/voices-from-ukraine/,,zoom.lublin.pl,2025-11-16
Ola Marzęta — Odbicia i echa,2025-09-30,,Muzeum Osiedli Mieszkaniowych,Wystawa,https://zoom.lublin.pl/wydarzenie/ola-marzeta-odbicia-i-echa/,,zoom.lublin.pl,2025-11-30
Wystawa: Odbicia i echa - Oli Marzęty,2025-09-30,,,,"https://lublin.eu/kultura/wydarzenia/wystawa-odbicia-i-echa-oli-marzety,85420,0,w.html",,lublin.eu,2025-11-30
Wystawa: Lublin i Lubelszczyzna 1956 w fotografiach Melchiora Wańkowicza,2025-10-16,,,,"https://lublin.eu/kultura/wydarzenia/wystawa-lublin-i-lubelszczyzna-1956-w-fotografiach-melchiora-wankowicza,85940,0,w.html",,lublin.eu,2025-11-28
Wystawa: East Creative Industries Exhibition,2025-10-17,,,,"https://lublin.eu/kultura/wydarzenia/wystawa-east-creative-industries-exhibition,85575,0,w.html",,lublin.eu,2025-11-09
Sprawunki — Targi Wyjątkowych Rzeczy,2025-10-21,,Warsztaty Kultury,Inne,https://zoom.lublin.pl/wydarzenie/sprawunki-targi-wyjatkowych-rzeczy/,,zoom.lublin.pl,2025-11-11
Wystawa Doroty Mościbrodzkiej: Odzyskać srebro,2025-10-21,,,,"https://lublin.eu/kultura/wydarzenia/wystawa-doroty-moscibrodzkiej-odzyskac-srebro,85732,0,w.html",,lublin.eu,2025-11-09
"Wystawa: ""Subiektywnie — narracja czy interpretacja” Foto-grafiki",2025-10-24,,,,"https://lublin.eu/kultura/wydarzenia/wystawa-subiektywnie-narracja-czy-interpretacja-foto-grafiki,86241,0,w.html",,lublin.eu,2025-11-15
Wystawa: Perspektywy,2025-10-24,,,,"https://lublin.eu/kultura/wydarzenia/wystawa-perspektywy,86240,0,w.html",,lublin.eu,2025-11-15
"Wystawa ""Śmiertelnie boję się żyć""",2025-10-31,,,,"https://lublin.eu/kultura/wydarzenia/wystawa-smiertelnie-boje-sie-zyc,86234,0,w.html",,lublin.eu,2025-11-17
Wystawa: Uroki Lubelszczyzny,2025-10-31,,,,"https://lublin.eu/kultura/wydarzenia/wystawa-uroki-lubelszczyzny,86377,0,w.html",,lublin.eu,2025-11-19
Krzysztof Wereński — Subiektywnie — narracja czy interpretacja,2025-11-01,,Galeria po 111 schodach,Wystawa,https://zoom.lublin.pl/wydarzenie/krzysztof-werenski-subiektywnie-narracja-czy-interpretacja/,,zoom.lublin.pl,2025-11-15
Patryk Pawluczuk — Lublin kiedyś i dziś,2025-11-01,,Księgarnio-Kawiarnia „Między Słowami”,Wystawa,https://zoom.lublin.pl/wydarzenie/patryk-pawluczuk-lublin-kiedys-i-dzis/,,zoom.lublin.pl,2025-11-21
Krzysztof Bil — trochę powietrza,2025-11-02,,Creamy Cafe,Wystawa,https://zoom.lublin.pl/wydarzenie/krzysztof-bil-troche-powietrza/,,zoom.lublin.pl,2025-11-30
Aleksander Krasowski — Wystawa akwareli i grafiki,2025-11-03,,Miejska Biblioteka Publiczna Filia nr 3,Wystawa,https://zoom.lublin.pl/wydarzenie/aleksander-krasowski-wystawa-akwareli-i-grafiki/,,zoom.lublin.pl,2025-11-28
Ka Mochi,2025-11-03,,Miejska Biblioteka Publiczna Filia nr 28,Wystawa,https://zoom.lublin.pl/wydarzenie/ka-mochi/,,zoom.lublin.pl,2025-11-28
Opowieści z babcinego podwórka,2025-11-03,,Miejska Biblioteka Publiczna Filia nr 13,Wystawa,https://zoom.lublin.pl/wydarzenie/opowiesci-z-babcinego-podworka-2/,,zoom.lublin.pl,2025-11-28
Paulina Wilk-Czarnacka — Rysunek/Malarstwo,2025-11-03,,Galeria Ryt,Wystawa,https://zoom.lublin.pl/wydarzenie/paulina-wilk-czarnacka-rysunek-malarstwo/,,zoom.lublin.pl,2025-11-30
Ze słownikiem do ZOO,2025-11-03,,Miejska Biblioteka Publiczna Filia nr 2,Wystawa,https://zoom.lublin.pl/wydarzenie/ze-slownikiem-do-zoo-2/,,zoom.lublin.pl,2025-11-28
Janusz Kirenko — &#8230;stojąc,2025-11-04,,Galeria Art Brut,Wystawa,https://zoom.lublin.pl/wydarzenie/janusz-kirenko-stojac/,,zoom.lublin.pl,2025-12-01
Wystawa: Szerokie. Poznaj. Dotknij. Doświadcz.,2025-11-05,,,,"https://lublin.eu/kultura/wydarzenia/wystawa-szerokie-poznaj-dotknij-doswiadcz-,86417,0,w.html",,lublin.eu,2025-11-20
29. Międzynarodowe Spotkania Teatrów Tańca,2025-11-06,,Centrum Kultury w Lublinie,Taniec,https://zoom.lublin.pl/wydarzenie/29-miedzynarodowe-spotkania-teatrow-tanca/,,zoom.lublin.pl,2025-11-11
Bożena i Waldemar Komorowscy — Grzybobranie,2025-11-07,,Galeria Ratusz,Wystawa,https://zoom.lublin.pl/wydarzenie/bozena-i-waldemar-komorowscy-grzybobranie-2/,,zoom.lublin.pl,2025-11-28
Urszula Pieregończuk: W świecie narracji,2025-11-08,,Lubelskie Zakłady Tytoniowe,Wystawa,https://zoom.lublin.pl/wydarzenie/urszula-pieregonczuk-w-swiecie-narracji/,,zoom.lublin.pl,2025-11-29
"Wystawa Stanisława Szukalskiego ""Zamarły lot""",2025-11-08,,,,"https://lublin.eu/kultura/wydarzenia/wystawa-stanislawa-szukalskiego-zamarly-lot,86267,0,w.html",,lublin.eu,2025-12-04